{
	"entity.pillager.hurt":{
		"replace":true,
		"sounds": [
			{
				"name":"mob/pillager/hurt",
				"volume":1,
				"weight":100,
				"pitch":1
			}
		],
		"subtitle":"subtitles.entity.pillager.hurt"
	},
	"entity.ghast.warn":{
		"replace":true,
		"sounds": [
			{
				"name":"mob/ghast/shoot",
				"volume":10,
				"weight":100,
				"pitch":1
			}
		],
		"subtitle":"subtitles.entity.ghast.warn"
	},
	"entity.ghast.hurt":{
		"replace":true,
		"sounds": [
			{
				"name":"mob/ghast/hurt",
				"volume":10,
				"weight":100,
				"pitch":1
			}
		],
		"subtitle":"subtitles.entity.ghast.hurt"
	},
	"entity.ghast.death":{
		"replace":true,
		"sounds": [
			{
				"name":"mob/ghast/death",
				"volume":10,
				"weight":100,
				"pitch":1
			}
		],
		"subtitle":"subtitles.entity.ghast.death"
	},
	"entity.enderman.stare":{
		"replace":true,
		"sounds": [
			{
				"name":"mob/enderman/anger",
				"volume":10,
				"weight":100,
				"pitch":1
			}
		],
		"subtitle":"subtitles.entity.enderman.stare"
	},
	"entity.skeleton.ambient":{
		"replace":true,
		"sounds": [
			{
				"name":"mob/skeleton/ambient",
				"volume":1,
				"weight":100,
				"pitch":1
			}
		],
		"subtitle":"subtitles.entity.skeleton.ambient"
	},
	"entity.skeleton.hurt":{
		"replace":true,
		"sounds": [
			{
				"name":"mob/skeleton/hurt1",
				"volume":1,
				"weight":33,
				"pitch":1
			},
			{
				"name":"mob/skeleton/hurt2",
				"volume":1,
				"weight":33,
				"pitch":1
			},
			{
				"name":"mob/skeleton/hurt3",
				"volume":1,
				"weight":34,
				"pitch":1
			}
		],
		"subtitle":"subtitles.entity.skeleton.hurt"
	},
	"entity.skeleton.death":{
		"replace":true,
		"sounds": [
			{
				"name":"mob/skeleton/death",
				"volume":1,
				"weight":100,
				"pitch":1
			}
		],
		"subtitle":"subtitles.entity.skeleton.death"
	},
	"entity.skeleton.shoot":{
		"replace":true,
		"sounds": [
			{
				"name":"mob/skeleton/shoot",
				"volume":1,
				"weight":100,
				"pitch":1
			}
		],
		"subtitle":"subtitles.entity.skeleton.shoot"
	},
	"entity.witch.ambient":{
		"replace":true,
		"sounds": [
			{
				"name":"mob/witch/ambient",
				"volume":1,
				"weight":100,
				"pitch":1
			}
		],
		"subtitle":"subtitles.entity.witch.ambient"
	},
	"entity.witch.celebrate":{
		"replace":true,
		"sounds": [
			{
				"name":"mob/witch/celebrate",
				"volume":1,
				"weight":100,
				"pitch":1
			}
		],
		"subtitle":"subtitles.entity.witch.celebrate"
	},
	"entity.witch.death":{
		"replace":true,
		"sounds": [
			{
				"name":"mob/witch/death",
				"volume":1,
				"weight":100,
				"pitch":1
			}
		],
		"subtitle":"subtitles.entity.witch.death"
	},
	"entity.witch.drink":{
		"replace":true,
		"sounds": [
			{
				"name":"mob/witch/drink",
				"volume":1,
				"weight":100,
				"pitch":1
			}
		],
		"subtitle":"subtitles.entity.witch.drink"
	},
	"entity.witch.hurt":{
		"replace":true,
		"sounds": [
			{
				"name":"mob/witch/hurt1",
				"volume":1,
				"weight":50,
				"pitch":1
			},
			{
				"name":"mob/witch/hurt2",
				"volume":1,
				"weight":50,
				"pitch":1
			}
		],
		"subtitle":"subtitles.entity.witch.hurt"
	},
	"entity.witch.throw":{
		"replace":true,
		"sounds": [
			{
				"name":"mob/witch/throw",
				"volume":1,
				"weight":100,
				"pitch":1
			}
		],
		"subtitle":"subtitles.entity.witch.throw"
	},
	"entity.zombie.ambient":{
		"replace":true,
		"sounds": [
			{
				"name":"mob/zombie/ambient1",
				"volume":1,
				"weight":25,
				"pitch":1
			},
			{
				"name":"mob/zombie/ambient2",
				"volume":1,
				"weight":25,
				"pitch":1
			},
			{
				"name":"mob/zombie/ambient3",
				"volume":1,
				"weight":25,
				"pitch":1
			},
			{
				"name":"mob/zombie/ambient4",
				"volume":1,
				"weight":25,
				"pitch":1
			}
		],
		"subtitle":"subtitles.entity.zombie.ambient"
	},
	"entity.zombie.hurt":{
		"replace":true,
		"sounds": [
			{
				"name":"mob/zombie/hurt1",
				"volume":1,
				"weight":34,
				"pitch":1
			},
			{
				"name":"mob/zombie/hurt2",
				"volume":1,
				"weight":33,
				"pitch":1
			},
			{
				"name":"mob/zombie/hurt3",
				"volume":1,
				"weight":33,
				"pitch":1
			}
		],
		"subtitle":"subtitles.entity.zombie.hurt"
	},
	"entity.zombie.death":{
		"replace":true,
		"sounds": [
			{
				"name":"mob/zombie/death1",
				"volume":1,
				"weight":34,
				"pitch":1
			},
			{
				"name":"mob/zombie/death2",
				"volume":1,
				"weight":33,
				"pitch":1
			},
			{
				"name":"mob/zombie/death3",
				"volume":1,
				"weight":33,
				"pitch":1
			}
		],
		"subtitle":"subtitles.entity.zombie.death"
	},
	"ambient.cave":{
		"replace":false,
		"sounds": [
			{
				"name":"misc/caveambient1",
				"volume":1,
				"weight":1,
				"pitch":1
			}
		],
		"subtitle":"subtitles.ambient.cave"
	}
}